scan,side,reactant,sweep_index,is_baseline,parameter_value_SI,parameter_value_display,parameter_display_unit,sigma_C_per_m2,sigma_mC_per_m2,phi_RP_mean_V,phi_RP_mean_mV,reactant_mean,log10_reactant_mean,eta_mean_V,eta_mean_mV,side_current_avg_A_per_m2,E_mix_with_V,E_mix_no_V,i_mix_avg_with_A_per_m2,i_mix_avg_no_A_per_m2,i_mix_abs_with_A,i_mix_abs_no_A,max_abs_phi_tilde,debye_huckel_ok
Cdl_Au,Au,R1,0,False,0.05,5.0,$\mu$F cm$^{-2}$,-0.015116410966908966,-15.116410966908965,-0.06250578120162757,-62.50578120162757,0.09201340567137689,-1.0361488945569142,0.5276717806618209,527.6717806618209,0.23783796313303168,0.5651659994601932,0.4670000000000001,0.23783796313303168,0.11756035407872442,1.1891898156651585e-10,5.878017703936221e-11,5.327497724849033,False
Cdl_Au,Au,R1,1,False,0.05358867312681466,5.358867312681466,$\mu$F cm$^{-2}$,-0.015947167262351788,-15.947167262351789,-0.06595645627340159,-65.95645627340159,0.08083448878394327,-1.0924033039186472,0.5324153364534016,532.4153364534016,0.22826604088307942,0.5664588801799999,0.4670000000000001,0.22826604088307942,0.11756035407872442,1.1413302044153971e-10,5.878017703936221e-11,5.295531762141218,False
Cdl_Au,Au,R1,2,False,0.05743491774985176,5.743491774985176,$\mu$F cm$^{-2}$,-0.016809175037398982,-16.809175037398983,-0.06953589367120469,-69.53589367120469,0.07068816858110553,-1.1506532700776073,0.5373352640529835,537.3352640529835,0.2187482483589902,0.5677993703817787,0.4670000000000001,0.2187482483589902,0.11756035407872442,1.0937412417949511e-10,5.878017703936221e-11,5.2623897838300735,False
Cdl_Au,Au,R1,3,False,0.061557220667245796,6.1557220667245796,$\mu$F cm$^{-2}$,-0.017702059634333214,-17.702059634333214,-0.07324238911553156,-73.24238911553157,0.061537266572132654,-1.2108617986151171,0.5424291928314371,542.429192831437,0.20931493412558858,0.5691868037159056,0.4670000000000001,0.20931493412558858,0.11756035407872442,1.046574670627943e-10,5.878017703936221e-11,5.228088427192063,False
Cdl_Au,Au,R1,4,False,0.0659753955386447,6.59753955386447,$\mu$F cm$^{-2}$,-0.018625267864875693,-18.625267864875692,-0.07707348661425578,-77.07348661425578,0.053335896127602776,-1.272980403676194,0.5476937294151416,547.6937294151417,0.19999592444065648,0.5706202428008859,0.4670000000000001,0.19999592444065648,0.11756035407872442,9.999796222032824e-11,5.878017703936221e-11,5.192651043053239,False
Cdl_Au,Au,R1,5,False,0.07071067811865475,7.0710678118654755,$\mu$F cm$^{-2}$,-0.01957806027390642,-19.57806027390642,-0.08102594674911394,-81.02594674911394,0.046031068869783136,-1.3369489404034602,0.5531244163568365,553.1244163568365,0.1908201325320542,0.5720984696077225,0.4670000000000001,0.1908201325320542,0.11756035407872442,9.541006626602711e-11,5.878017703936221e-11,5.156107933396058,False
Cdl_Au,Au,R1,6,False,0.0757858283255199,7.57858283255199,$\mu$F cm$^{-2}$,-0.02055950525825885,-20.559505258258852,-0.08509572286808471,-85.09572286808472,0.03956438296849116,-1.402695602980047,0.5587157017015054,558.7157017015054,0.18181518001032135,0.5736199788334206,0.4670000000000001,0.18181518001032135,0.11756035407872442,9.090759000516068e-11,5.878017703936221e-11,5.118496514880524,False
Cdl_Au,Au,R1,7,False,0.08122523963562357,8.122523963562358,$\mu$F cm$^{-2}$,-0.02156847532394741,-21.56847532394741,-0.08927794637462555,-89.27794637462554,0.03387372046895848,-1.470137100656752,0.5644609210055448,564.4609210055448,0.17300704103203338,0.5751829746309192,0.4670000000000001,0.17300704103203338,0.11756035407872442,8.65035205160167e-11,5.878017703936221e-11,5.079861399182516,False
Cdl_Au,Au,R1,8,False,0.0870550563296124,8.70550563296124,$\mu$F cm$^{-2}$,-0.022603645740514922,-22.60364574051492,-0.09356692219832481,-93.56692219832482,0.028894885695082886,-1.539179019214312,0.5703522932093478,570.3522932093477,0.16441971926581953,0.5767853710110229,0.4670000000000001,0.16441971926581953,0.11756035407872442,8.220985963290977e-11,5.878017703936221e-11,5.0402543823305255,False
Cdl_Au,Au,R1,9,False,0.09330329915368073,9.330329915368072,$\mu$F cm$^{-2}$,-0.023663495815398002,-23.663495815398,-0.09795613537812442,-97.95613537812442,0.024563125692547552,-1.6097163694261547,0.576380931542178,576.3809315421779,0.1560749666603707,0.5784247961640536,0.4670000000000001,0.1560749666603707,0.11756035407872442,7.803748333018536e-11,5.878017703936221e-11,4.999734336904419,False
Cdl_Au,Au,R1,10,False,0.1,10.0,$\mu$F cm$^{-2}$,-0.02474631297118998,-24.74631297118998,-0.10243826951889563,-102.43826951889564,0.020814485583143864,-1.6816343179582125,0.5825368702881003,582.5368702881003,0.14799205115452205,0.5800986007692046,0.4670000000000001,0.14799205115452205,0.11756035407872442,7.399602557726103e-11,5.878017703936221e-11,4.958367005411072,False
Cdl_Au,Au,R1,11,False,0.10717734625362933,10.717734625362933,$\mu$F cm$^{-2}$,-0.025850199717559905,-25.850199717559903,-0.1070052374894291,-107.00523748942909,0.017586965572879913,-1.754809086559368,0.5888091082570116,588.8091082570116,0.14018758054799385,0.5818038707675824,0.4670000000000001,0.14018758054799385,0.11756035407872442,7.009379027399693e-11,5.878017703936221e-11,4.916224683036667,False
Cdl_Au,Au,R1,12,False,0.1148698354997035,11.48698354997035,$\mu$F cm$^{-2}$,-0.026973083630201004,-26.973083630201003,-0.11164822482852634,-111.64822482852634,0.014821460305241127,-1.8291090047734084,0.5951856685189506,595.1856685189506,0.13267538271346324,0.5835374436904243,0.4670000000000001,0.13267538271346324,0.11756035407872442,6.633769135673162e-11,5.878017703936221e-11,4.87338581229055,False
Cdl_Au,Au,R1,13,False,0.1231144413344916,12.31144413344916,$\mu$F cm$^{-2}$,-0.028112730245094683,-28.11273024509468,-0.11635774544058461,-116.35774544058461,0.0124624754250266,-1.9043956850723331,0.6016536749030542,601.6536749030543,0.1254664475635623,0.5852959294624697,0.4670000000000001,0.1254664475635623,0.11756035407872442,6.273322378178115e-11,5.878017703936221e-11,4.8299344667271775,False
Cdl_Au,Au,R1,14,False,0.1319507910772894,13.19507910772894,$\mu$F cm$^{-2}$,-0.02926675882118535,-29.26675882118535,-0.1211237093692337,-121.1237093692337,0.010458627788550006,-1.9805252928066097,0.6081994440333253,608.1994440333252,0.11856892688233067,0.5870757346640916,0.4670000000000001,0.11856892688233067,0.11756035407872442,5.928446344116534e-11,5.878017703936221e-11,4.892533129786715,False
Cdl_Au,Au,R1,15,False,0.1414213562373095,14.142135623730951,$\mu$F cm$^{-2}$,-0.030432660772875087,-30.43266077287509,-0.1259355017837103,-125.9355017837103,0.008762945812614073,-2.057349873843186,0.614808591979502,614.808591979502,0.11198819015309219,0.5888730901957917,0.4670000000000001,0.11198819015309219,0.11756035407872442,5.59940950765461e-11,5.878017703936221e-11,5.08253334705592,False
Cdl_Au,Au,R1,16,False,0.15157165665103983,15.157165665103983,$\mu$F cm$^{-2}$,-0.03160782051770199,-31.607820517701988,-0.13078207207854034,-130.78207207854035,0.007332993463638256,-2.1347187021184086,0.6214661539230124,621.4661539230124,0.10572693129221471,0.590684081844472,0.4670000000000001,0.10572693129221471,0.11756035407872442,5.2863465646107354e-11,5.878017703936221e-11,5.273582026210747,False
Cdl_Au,Au,R1,17,False,0.16245047927124712,16.245047927124713,$\mu$F cm$^{-2}$,-0.032789538406184475,-32.78953840618448,-0.13565203165499212,-135.65203165499213,0.006130845772746502,-2.2124796088258925,0.6281567148753373,628.1567148753373,0.09978531987598174,0.5925046832203451,0.4670000000000001,0.09978531987598174,0.11756035407872442,4.9892659937990876e-11,5.878017703936221e-11,5.465216436910326,False
Cdl_Au,Au,R1,18,False,0.17411011265922485,17.411011265922486,$\mu$F cm$^{-2}$,-0.03397505533338945,-33.97505533338945,-0.14053375866805515,-140.53375866805516,0.005122945587054288,-2.290480256922325,0.6348645491380116,634.8645491380116,0.0941611893328473,0.5943307904699564,0.4670000000000001,0.0941611893328473,0.11756035407872442,4.708059466642365e-11,5.878017703936221e-11,5.656969441638951,False
Cdl_Au,Au,R1,19,False,0.18660659830736148,18.660659830736147,$\mu$F cm$^{-2}$,-0.03516157857510721,-35.161578575107214,-0.14541550778426723,-145.41550778426722,0.004279870922834439,-2.3685693287312337,0.6415737659115771,641.5737659115771,0.08885025389335391,0.5961582581273098,0.4670000000000001,0.08885025389335391,0.11756035407872442,4.442512694667696e-11,5.878017703936221e-11,5.848368868386265,False
Cdl_Au,Au,R1,20,True,0.2,20.0,$\mu$F cm$^{-2}$,-0.03634630834836119,-36.34630834836119,-0.1502855228151927,-150.2855228151927,0.0035760402606696638,-2.446597600365984,0.6482684582581941,648.2684582581941,0.08384634584416407,0.5979829354430014,0.4670000000000001,0.08384634584416407,0.11756035407872442,4.192317292208204e-11,5.878017703936221e-11,6.038944611092431,False
Cdl_Au,Au,R1,21,False,0.21675967734687368,21.67596773468737,$\mu$F cm$^{-2}$,-0.03771581506215161,-37.71581506215161,-0.15590932347322858,-155.9093234732286,0.002904582181330437,-2.536916331223075,0.6560017014059484,656.0017014059483,0.07841173846167569,0.6000923779327199,0.4670000000000001,0.07841173846167569,0.11756035407872442,3.920586923083785e-11,5.878017703936221e-11,6.258562256314249,False
Cdl_Au,Au,R1,22,False,0.23492378861760385,23.492378861760386,$\mu$F cm$^{-2}$,-0.03907489038534814,-39.07489038534814,-0.16148375029213521,-161.48375029213523,0.0023619241752391306,-2.62673404863775,0.6636699292341478,663.6699292341478,0.07336588299812044,0.6021861789420127,0.4670000000000001,0.07336588299812044,0.11756035407872442,3.6682941499060224e-11,5.878017703936221e-11,6.475758584250588,False
Cdl_Au,Au,R1,23,False,0.2546100231092847,25.46100231092847,$\mu$F cm$^{-2}$,-0.04041940281659624,-40.41940281659624,-0.166991558409336,-166.991558409336,0.0019238141610281273,-2.7158368827857773,0.6712497578728578,671.2497578728578,0.06869229680277719,0.6042581994635218,0.4670000000000001,0.06869229680277719,0.11756035407872442,3.43461484013886e-11,5.878017703936221e-11,6.689849754477866,False
Cdl_Au,Au,R1,24,False,0.27594593229224296,27.594593229224294,$\mu$F cm$^{-2}$,-0.04174540819308086,-41.74540819308086,-0.17241632761286327,-172.41632761286326,0.0015702894446766981,-2.8040202885844376,0.6787188854486538,678.7188854486537,0.06437302161304226,0.6063025578357905,0.4670000000000001,0.06437302161304226,0.11756035407872442,3.218651080652113e-11,5.878017703936221e-11,6.9002022497057816,False
Cdl_Au,Au,R1,25,False,0.29906975624424414,29.906975624424415,$\mu$F cm$^{-2}$,-0.043049194921664195,-43.049194921664196,-0.1777426517454097,-177.74265174540972,0.0012850210367110887,-2.8910897625640017,0.6860563412954843,686.0563412954843,0.06038909038597311,0.6083136895500746,0.4670000000000001,0.06038909038597311,0.11756035407872442,3.0194545192986557e-11,5.878017703936221e-11,7.106228144551386,False
Cdl_Au,Au,R1,26,False,0.32413131933855255,32.413131933855254,$\mu$F cm$^{-2}$,-0.04432732332379667,-44.32732332379667,-0.18295630268181368,-182.95630268181367,0.0010547236544384238,-2.9768613138957507,0.6932427023273949,693.2427023273949,0.056720948093404625,0.6102863996455812,0.4670000000000001,0.056720948093404625,0.11756035407872442,2.8360474046702315e-11,5.878017703936221e-11,7.307411775163194,False
Cdl_Au,Au,R1,27,False,0.3512930009892056,35.12930009892056,$\mu$F cm$^{-2}$,-0.045576658233362516,-45.576658233362515,-0.1880443652795531,-188.0443652795531,0.0008686368504281086,-3.0611617503846706,0.7002602724647995,700.2602724647995,0.053348821159085597,0.6122159071852463,0.4670000000000001,0.053348821159085597,0.11756035407872442,2.66744105795428e-11,5.878017703936221e-11,7.503279469090076,False
Cdl_Au,Au,R1,28,False,0.38073078774317576,38.07307877431757,$\mu$F cm$^{-2}$,-0.04679439435782089,-46.794394357820885,-0.19299534129241433,-192.99534129241434,0.0007180772213080022,-3.143828849650973,0.7070932221289487,707.0932221289487,0.05025303208993734,0.6140978808365344,0.4670000000000001,0.05025303208993734,0.11756035407872442,2.512651604496867e-11,5.878017703936221e-11,7.6933934163059305,False
Cdl_Au,Au,R1,29,False,0.412635413536159,41.2635413536159,$\mu$F cm$^{-2}$,-0.047978074069260745,-47.97807406926074,-0.19779922090596502,-197.79922090596503,0.0005960580074864611,-3.224711473304396,0.713727686729301,713.727686729301,0.04741426034273908,0.6159284658233359,0.4670000000000001,0.04741426034273908,0.11756035407872442,2.3707130171369543e-11,5.878017703936221e-11,7.877386576321777,False
Cdl_Au,Au,R1,30,False,0.447213595499958,44.721359549995796,$\mu$F cm$^{-2}$,-0.04912559767662286,-49.12559767662286,-0.20244752219587642,-202.44752219587642,0.0004969701676101614,-3.30366968054463,0.7201518241597656,720.1518241597656,0.04481375115000431,0.6177043019638893,0.4670000000000001,0.04481375115000431,0.11756035407872442,2.240687557500216e-11,5.878017703936221e-11,8.05496735272058,False
Cdl_Au,Au,R1,31,False,0.48468937332853074,48.46893733285307,$\mu$F cm$^{-2}$,-0.05023522643802385,-50.235226438023844,-0.2069332996931156,-206.9332996931156,0.0004163179328150407,-3.3805748815588657,0.7263558328233173,726.3558328233173,0.04243347632164564,0.6194225331302017,0.4670000000000001,0.04243347632164564,0.11756035407872442,2.121673816082282e-11,5.878017703936221e-11,8.225946857769706,False
Cdl_Au,Au,R1,32,False,0.5253055608807535,52.53055608807535,$\mu$F cm$^{-2}$,-0.05130557881525633,-51.30557881525633,-0.2112511242722892,-211.2511242722892,0.00035050154985617825,-3.4553100573192976,0.7323319328102393,732.3319328102393,0.04025625184922218,0.6210808085379502,0.4670000000000001,0.04025625184922218,0.11756035407872442,2.0128125924611092e-11,5.878017703936221e-11,8.390104061654654,False
Cdl_Au,Au,R1,33,False,0.5693253194251531,56.93253194251531,$\mu$F cm$^{-2}$,-0.052335620665687616,-52.335620665687614,-0.21539703739576885,-215.39703739576885,0.00029664015746711344,-3.527770056996626,0.7380743137885897,738.0743137885896,0.03826581764919417,0.6226772763928208,0.4670000000000001,0.03826581764919417,0.11756035407872442,1.9132908824597086e-11,5.878017703936221e-11,8.547325547263434,False
Cdl_Au,Au,R1,34,False,0.6170338627200097,61.70338627200097,$\mu$F cm$^{-2}$,-0.053324650155533455,-53.324650155533455,-0.21936848311658524,-219.36848311658525,0.00025242829554786365,-3.59786196515081,0.743579053959101,743.579053959101,0.036446885334017104,0.6242105708425157,0.4670000000000001,0.036446885334017104,0.11756035407872442,1.8223442667008554e-11,5.878017703936221e-11,8.697613148744637,False
Cdl_Au,Au,R1,35,False,0.668740304976422,66.8740304976422,$\mu$F cm$^{-2}$,-0.0542722783841407,-54.2722783841407,-0.22316422210778444,-223.16422210778444,0.000216020255506277,-3.665505524579785,0.7488440146641765,748.8440146641765,0.03478515883393751,0.6256797925563921,0.4670000000000001,0.03478515883393751,0.11756035407872442,1.7392579416968757e-11,5.878017703936221e-11,8.840918787245727,False
Cdl_Au,Au,R1,36,False,0.7247796636776956,72.47796636776957,$\mu$F cm$^{-2}$,-0.055178406579577254,-55.178406579577256,-0.22678423142606569,-226.78423142606567,0.00018593725828418091,-3.730633577167704,0.7538687157699907,753.8687157699907,0.03326733369147635,0.6270844843439249,0.4670000000000001,0.03326733369147635,0.11756035407872442,1.6633666845738175e-11,5.878017703936221e-11,8.977260286132331,False
Cdl_Au,Au,R1,37,False,0.7855150302317644,78.55150302317644,$\mu$F cm$^{-2}$,-0.056043200863170155,-56.043200863170156,-0.23022959428987244,-230.22959428987244,0.00016099319301803684,-3.7931924860625643,0.7586541966655499,758.6541966655499,0.03188107921558698,0.6284246023756774,0.4670000000000001,0.03188107921558698,0.11756035407872442,1.594053960779349e-11,5.878017703936221e-11,9.106762265138237,False
Cdl_Au,Au,R1,38,False,0.8513399225207847,85.13399225207847,$\mu$F cm$^{-2}$,-0.05686706545823316,-56.867065458233164,-0.23350238362048167,-233.50238362048168,0.00014023535163460907,-3.8531424921859143,0.7632028676749331,763.202867674933,0.03061500775453885,0.6297004840544513,0.4670000000000001,0.03061500775453885,0.11756035407872442,1.5307503877269426e-11,5.878017703936221e-11,9.229544754022633,False
Cdl_Au,Au,R1,39,False,0.9226808345905883,92.26808345905883,$\mu$F cm$^{-2}$,-0.057650615165054826,-57.65061516505482,-0.23660554285775148,-236.6055428577515,0.00012289721494252527,-3.9104579588450186,0.7675183562898698,767.5183562898698,0.02945863458859422,0.6309128134321182,0.4670000000000001,0.02945863458859422,0.11756035407872442,1.472931729429711e-11,5.878017703936221e-11,9.345701204646133,False
Cdl_Au,Au,R1,40,False,1.0,100.0,$\mu$F cm$^{-2}$,-0.05839464782364469,-58.39464782364469,-0.2395427671245597,-239.5427671245597,0.0001083608837771576,-3.9651274615755843,0.7716053521763555,771.6053521763555,0.028402331404659642,0.6320625850517957,0.4670000000000001,0.028402331404659642,0.11756035407872442,1.4201165702329821e-11,5.878017703936221e-11,9.455448094872487,False
Cdl_Pd,Pd,O2,0,False,0.05,5.0,$\mu$F cm$^{-2}$,-0.008856055458709756,-8.856055458709756,-0.03629886492155967,-36.29886492155967,4.166240623853307,0.6197443492876438,-0.23112110917419504,-231.12110917419503,-0.034412829770267966,0.5665800259042453,0.4670000000000001,0.03441282977030803,0.11756035407872442,1.7206414885154017e-11,5.878017703936221e-11,6.6071041573954155,False
Cdl_Pd,Pd,O2,1,False,0.05547847360339224,5.547847360339224,$\mu$F cm$^{-2}$,-0.009588651894929842,-9.588651894929843,-0.039339084774881336,-39.339084774881336,4.6959351501456865,0.6717220907675928,-0.22683553912239462,-226.83553912239464,-0.035650014695613734,0.567825376102724,0.4670000000000001,0.03565001468861533,0.11756035407872442,1.7825007344307666e-11,5.878017703936221e-11,6.584537811893494,False
Cdl_Pd,Pd,O2,2,False,0.061557220667245796,6.1557220667245796,$\mu$F cm$^{-2}$,-0.01036120584492289,-10.36120584492289,-0.04254360286408968,-42.543602864089685,5.32733445936791,0.7265099634073495,-0.22231828553357696,-222.31828553357695,-0.03700232417685814,0.5691381116023333,0.4670000000000001,0.037002324158761236,0.11756035407872442,1.850116207938062e-11,5.878017703936221e-11,6.560752919717487,False
Cdl_Pd,Pd,O2,3,False,0.06830201283771979,6.830201283771979,$\mu$F cm$^{-2}$,-0.011172596764107087,-11.172596764107087,-0.045907453396139566,-45.907453396139566,6.0816191362523835,0.7840192188000275,-0.21757639108897553,-217.57639108897553,-0.03847712915303146,0.5705161555148849,0.4670000000000001,0.038477129165221974,0.11756035407872442,1.9238564582610988e-11,5.878017703936221e-11,6.535789583822304,False
Cdl_Pd,Pd,O2,4,False,0.0757858283255199,7.57858283255199,$\mu$F cm$^{-2}$,-0.01202115896358642,-12.02115896358642,-0.04942338007031063,-49.42338007031063,6.984267767113896,0.8441208812632031,-0.2126201434911076,-212.6201434911076,-0.0400814413511074,0.5719564764385817,0.4670000000000001,0.0400814413482046,0.11756035407872442,2.0040720674102302e-11,5.878017703936221e-11,6.509700132528204,False
Cdl_Pd,Pd,O2,5,False,0.08408964152537145,8.408964152537145,$\mu$F cm$^{-2}$,-0.012904663536197894,-12.904663536197894,-0.0530817644495875,-53.0817644495875,8.065745866940427,0.9066445342691508,-0.207463176939627,-207.46317693962698,-0.041821685131584345,0.5734550586107855,0.4670000000000001,0.04182168513164905,0.11756035407872442,2.0910842565824526e-11,5.878017703936221e-11,6.482557723596969,False
Cdl_Pd,Pd,O2,6,False,0.09330329915368073,9.330329915368072,$\mu$F cm$^{-2}$,-0.013820315976351945,-13.820315976351946,-0.056870620922419464,-56.87062092241946,9.362208627395626,0.9713783147146403,-0.20212247907320366,-202.12247907320366,-0.043703439647674,0.5750069000043768,0.4670000000000001,0.04370343959669662,0.11756035407872442,2.185171979834831e-11,5.878017703936221e-11,6.454453415433976,False
Cdl_Pd,Pd,O2,7,False,0.10352649238413773,10.352649238413774,$\mu$F cm$^{-2}$,-0.01476477143477397,-14.76477143477397,-0.06077566633189012,-60.77566633189012,10.916169246930082,1.0380702604568188,-0.19661829117119992,-196.61829117119993,-0.045731156923386106,0.5766060424969099,0.4670000000000001,0.045731156910307554,0.11756035407872442,2.2865578455153777e-11,5.878017703936221e-11,6.425495615717642,False
Cdl_Pd,Pd,O2,8,False,0.1148698354997035,11.48698354997035,$\mu$F cm$^{-2}$,-0.01573416881474451,-15.73416881474451,-0.06478046923219495,-64.78046923219495,12.777064797417058,1.1064310972735953,-0.19097389524672137,-190.97389524672138,-0.047907866153202874,0.5782456355210837,0.4670000000000001,0.04790786615311925,0.11756035407872442,2.3953933076559625e-11,5.878017703936221e-11,6.395808921628134,False
Cdl_Pd,Pd,O2,9,False,0.12745606273192622,12.745606273192623,$\mu$F cm$^{-2}$,-0.016724183823649045,-16.724183823649046,-0.0688666790757558,-68.8666790757558,15.001630515294986,1.1761384647430926,-0.1852152867833711,-185.21528678337108,-0.050234876624711086,0.5799180341408731,0.4670000000000001,0.050234876624560346,0.11756035407872442,2.5117438312280175e-11,5.878017703936221e-11,6.365532334439797,False
Cdl_Pd,Pd,O2,10,False,0.1414213562373095,14.142135623730951,$\mu$F cm$^{-2}$,-0.017730100044717964,-17.730100044717965,-0.0730143311978462,-73.0143311978462,17.653974583407006,1.2468424969939258,-0.1793707397273597,-179.3707397273597,-0.05271149633889028,0.5816149290747941,0.4670000000000001,0.052711496338652915,0.11756035407872442,2.6355748169326457e-11,5.878017703936221e-11,6.334818918859289,False
Cdl_Pd,Pd,O2,11,False,0.15691681957935014,15.691681957935014,$\mu$F cm$^{-2}$,-0.018746895872130454,-18.746895872130455,-0.07720221828307947,-77.20221828307946,20.805232745579804,1.3181725785550948,-0.17347027681535734,-173.47027681535735,-0.055334784928403026,0.5833275049015632,0.4670000000000001,0.05533478492808214,0.11756035407872442,2.766739246404107e-11,5.878017703936221e-11,6.303828443013943,False
Cdl_Pd,Pd,O2,12,False,0.1741101126592248,17.41101126592248,$\mu$F cm$^{-2}$,-0.019769344084598756,-19.769344084598757,-0.08140831448733989,-81.40831448733988,24.5326810541418,1.3897450126741078,-0.1675450651467447,-167.5450651467447,-0.058099360933252645,0.5850466203659154,0.4670000000000001,0.05809936093324899,0.11756035407872442,2.9049680466624496e-11,5.878017703936221e-11,6.272725507460862,False
Cdl_Pd,Pd,O2,13,False,0.19318726578496911,19.31872657849691,$\mu$F cm$^{-2}$,-0.0207921199348535,-20.792119934853503,-0.08561023460539811,-85.61023460539812,28.918200958745906,1.461171271402847,-0.16162676230428438,-161.62676230428437,-0.060997282842594015,0.5867630030903175,0.4670000000000001,0.060997282842584925,0.11756035407872442,3.0498641421292465e-11,5.878017703936221e-11,6.241678510209912,False
Cdl_Pd,Pd,O2,14,False,0.21435469250725864,21.435469250725863,$\mu$F cm$^{-2}$,-0.021809913021089995,-21.809913021089994,-0.08978570811313029,-89.78570811313028,34.04602804264632,1.5320664525254533,-0.15574684195612573,-155.74684195612573,-0.06401802059718951,0.588467449930744,0.4670000000000001,0.06401802059717715,0.11756035407872442,3.200901029858858e-11,5.878017703936221e-11,6.210854534210631,False
Cdl_Pd,Pd,O2,15,False,0.23784142300054426,23.784142300054427,$\mu$F cm$^{-2}$,-0.022817537951588612,-22.817537951588612,-0.0939130468708609,-93.9130468708609,39.99977545142387,1.602057553315931,-0.14993592934203215,-149.93592934203215,-0.06714852949285936,0.5901510237871069,0.4670000000000001,0.06714852949285098,0.11756035407872442,3.3574264746425496e-11,5.878017703936221e-11,6.180415762657505,False
Cdl_Pd,Pd,O2,16,False,0.2639015821545789,26.390158215457888,$\mu$F cm$^{-2}$,-0.023810038938321933,-23.810038938321934,-0.0979715858460105,-97.9715858460105,46.858802583127606,1.6707911865617435,-0.14422317617018046,-144.22317617018047,-0.07037343185198641,0.591805237983809,0.4670000000000001,0.07037343185198382,0.11756035407872442,3.518671592599191e-11,5.878017703936221e-11,6.1505161181938615,False
Cdl_Pd,Pd,O2,17,False,0.2928171391891251,29.281713918912512,$\mu$F cm$^{-2}$,-0.024782783943675987,-24.782783943675987,-0.10194207833056564,-101.94207833056564,54.69409094529545,1.737940408445421,-0.13863570135376965,-138.63570135376966,-0.07367530405758352,0.5934222203156647,0.4670000000000001,0.07367530405758328,0.11756035407872442,3.6837652028791644e-11,5.878017703936221e-11,6.121298269296089,False
Cdl_Pd,Pd,O2,18,False,0.3249009585424943,32.49009585424943,$\mu$F cm$^{-2}$,-0.025731544798230442,-25.73154479823044,-0.1058070305425595,-105.80703054255949,63.56387947400327,1.8032103955009853,-0.1331981190626895,-133.1981190626895,-0.07703505841158953,0.594994850394751,0.4670000000000001,0.07703505838023465,0.11756035407872442,3.8517529190117326e-11,5.878017703936221e-11,6.09289111915677,False
Cdl_Pd,Pd,O2,19,False,0.3605001850443321,36.05001850443321,$\mu$F cm$^{-2}$,-0.02665256070840969,-26.65256070840969,-0.10955096479042117,-109.55096479042118,73.50938522132485,1.8663427906437293,-0.12793216928621573,-127.93216928621572,-0.08043240158723752,0.5965168659233631,0.4670000000000001,0.08043240158644997,0.11756035407872442,4.021620079322499e-11,5.878017703936221e-11,6.065407856279256,False
Cdl_Pd,Pd,O2,20,True,0.4,40.0,$\mu$F cm$^{-2}$,-0.02754258371574001,-27.54258371574001,-0.11316060526764861,-113.1606052676486,84.55097701011347,1.9271186303565817,-0.12285645928934996,-122.85645928934996,-0.08384634584416462,0.5979829354430014,0.4670000000000001,0.08384634584416407,0.11756035407872442,4.192317292208204e-11,5.878017703936221e-11,6.038944611092431,False
Cdl_Pd,Pd,O2,21,False,0.41875209399074625,41.87520939907463,$\mu$F cm$^{-2}$,-0.027924209446216056,-27.924209446216057,-0.11470562503207019,-114.70562503207019,89.76429199875122,1.9531036098079277,-0.1206843458144787,-120.6843458144787,-0.08535047652377704,0.5986100291534511,0.4670000000000001,0.08535047652186306,0.11756035407872442,4.267523826093153e-11,5.878017703936221e-11,6.027628411251019,False
Cdl_Pd,Pd,O2,22,False,0.4383832905540869,43.83832905540869,$\mu$F cm$^{-2}$,-0.028299086579009133,-28.299086579009135,-0.11622161568137375,-116.22161568137375,95.18822351784743,1.9785832217292525,-0.11855329659860207,-118.55329659860207,-0.08685192445863285,0.5992250877200241,0.4670000000000001,0.08685192445863343,0.11756035407872442,4.342596222931672e-11,5.878017703936221e-11,6.016531534007457,False
Cdl_Pd,Pd,O2,23,False,0.45893480222519406,45.89348022251941,$\mu$F cm$^{-2}$,-0.028667038029994204,-28.667038029994202,-0.1177078716580617,-117.70787165806169,100.81991216630749,2.003546314747593,-0.11646429316538867,-116.46429316538867,-0.08834891716370968,0.5998278351765496,0.4670000000000001,0.08834891716415541,0.11756035407872442,4.4174458582077707e-11,5.878017703936221e-11,6.005659564302299,False
Cdl_Pd,Pd,O2,24,False,0.48044977359257246,48.044977359257246,$\mu$F cm$^{-2}$,-0.029027907293691018,-29.02790729369102,-0.11916377483218883,-119.16377483218884,106.65550057703902,2.0279832583663504,-0.1144181933038167,-114.4181933038167,-0.08983971310783222,0.6004180318639945,0.4670000000000001,0.08983971311615388,0.11756035407872442,4.491985655807694e-11,5.878017703936221e-11,5.995015855139469,False
Cdl_Pd,Pd,O2,25,False,0.5029733718731741,50.29733718731742,$\mu$F cm$^{-2}$,-0.02938155817728387,-29.38155817728387,-0.12058879323687478,-120.58879323687478,112.6901389947892,2.051885914559698,-0.11241573295990002,-112.41573295990003,-0.09132260953700491,0.6009954738032252,0.4670000000000001,0.09132260958045686,0.11756035407872442,4.5661304790228436e-11,5.878017703936221e-11,5.984603996607145,False
Cdl_Pd,Pd,O2,26,False,0.526552881733695,52.6552881733695,$\mu$F cm$^{-2}$,-0.029727874438606656,-29.727874438606655,-0.12198247939760146,-121.98247939760145,118.91800163999484,2.075247602483664,-0.11045752871150656,-110.45752871150655,-0.09279594985462457,0.6015599918908919,0.4670000000000001,0.09279594994110922,0.11756035407872442,4.6397974970554616e-11,5.878017703936221e-11,5.974426935437682,False
Cdl_Pd,Pd,O2,27,False,0.5512378045571164,55.12378045571163,$\mu$F cm$^{-2}$,-0.030066759332891956,-30.066759332891955,-0.12334446827643457,-123.34446827643457,125.33231361160311,2.098063056740003,-0.10854408076573882,-108.54408076573883,-0.09425813043156901,0.6021114509578266,0.4670000000000001,0.0942581305410069,0.11756035407872442,4.712906527050345e-11,5.878017703936221e-11,5.964486991528576,False
Cdl_Pd,Pd,O2,28,False,0.5770799623628854,57.70799623628854,$\mu$F cm$^{-2}$,-0.03039813508244363,-30.39813508244363,-0.12467447489196044,-124.67447489196044,131.92538804896824,2.120328380296785,-0.10667577643482333,-106.67577643482333,-0.09570760689684173,0.6026497486732162,0.4670000000000001,0.0957076068968653,0.11756035407872442,4.785380344843265e-11,5.878017703936221e-11,5.954785877250913,False
Cdl_Pd,Pd,O2,29,False,0.6041336065988983,60.413360659889825,$\mu$F cm$^{-2}$,-0.03072194226062812,-30.72194226062812,-0.12597229157902437,-125.97229157902437,138.6886726027642,2.1420409915202536,-0.10485289400400008,-104.85289400400008,-0.09714289953431983,0.6031748144169755,0.4670000000000001,0.09714289953449985,0.11756035407872442,4.857144976724993e-11,5.878017703936221e-11,5.945324717321373,False
Cdl_Pd,Pd,O2,30,False,0.6324555320336759,63.245553203367585,$\mu$F cm$^{-2}$,-0.03103813914616228,-31.03813914616228,-0.1272377851265563,-127.23778512655632,145.61280549506452,2.1631995694227517,-0.1030756070175533,-103.07560701755331,-0.09856259865064951,0.6036866078558903,0.4670000000000001,0.09856259865157835,0.11756035407872442,4.928129932578918e-11,5.878017703936221e-11,5.936104074051331,False
Cdl_Pd,Pd,O2,31,False,0.6621051959878331,66.2105195987833,$\mu$F cm$^{-2}$,-0.03134670099111932,-31.346700991119317,-0.12847089355379834,-128.47089355379833,152.68767887757227,2.183803993105049,-0.10134398881185538,-101.34398881185538,-0.09996536864849385,0.6041851176343462,0.4670000000000001,0.09996536865217445,0.11756035407872442,4.998268432608723e-11,5.878017703936221e-11,5.927123970505075,False
Cdl_Pd,Pd,O2,32,False,0.6931448431551465,69.31448431551465,$\mu$F cm$^{-2}$,-0.03164761926072361,-31.647619260723612,-0.12967162277203462,-129.67162277203462,159.90250951547443,2.2038552796322293,-0.09965801732963318,-99.65801732963318,-0.10134995173044893,0.6046703598983322,0.4670000000000001,0.10134995174245055,0.11756035407872442,5.067497587122528e-11,5.878017703936221e-11,5.918383916687834,False
Cdl_Pd,Pd,O2,33,False,0.7256396362752624,72.56396362752623,$\mu$F cm$^{-2}$,-0.03194090083413013,-31.940900834130126,-0.13084004308638963,-130.84004308638964,167.24591527983785,2.2233555196052444,-0.09801758012845606,-98.01758012845606,-0.10271517086618971,0.6051423767851543,0.4670000000000001,0.10271517089974665,0.11756035407872442,5.135758544987333e-11,5.878017703936221e-11,5.909882936359935,False
Cdl_Pd,Pd,O2,34,False,0.7596577929323739,75.96577929323739,$\mu$F cm$^{-2}$,-0.032226567177468794,-32.226567177468795,-0.13197628558599547,-131.97628558599547,174.7059963319167,2.2423078112746984,-0.09642247953920172,-96.42247953920172,-0.10405993208910329,0.6056012348748028,0.4670000000000001,0.10405993217181653,0.11756035407872442,5.2029966085908264e-11,5.878017703936221e-11,5.901619594556804,False
Cdl_Pd,Pd,O2,35,False,0.7952707287670507,79.52707287670508,$\mu$F cm$^{-2}$,-0.032504653506021955,-32.50465350602195,-0.13308053849440016,-133.08053849440014,182.27042005287166,2.2607161944358163,-0.09487243793873257,-94.87243793873257,-0.10538322631959678,0.6060470235668672,0.4670000000000001,0.10538322617145697,0.11756035407872442,5.269161308572849e-11,5.878017703936221e-11,5.8935920264775135,False
Cdl_Pd,Pd,O2,36,False,0.8325532074018732,83.25532074018732,$\mu$F cm$^{-2}$,-0.03277520788926477,-32.77520788926476,-0.13415304328472746,-134.15304328472746,189.92650688371526,2.2785855807979827,-0.09336710302461679,-93.36710302461678,-0.10668412966867749,0.6064798536906557,0.4670000000000001,0.10668412966867712,0.11756035407872442,5.3342064834338564e-11,5.878017703936221e-11,5.885797962152058,False
Cdl_Pd,Pd,O2,37,False,0.8715834973956161,87.15834973956161,$\mu$F cm$^{-2}$,-0.03303829044463617,-33.038290444636175,-0.13519409117738312,-135.19409117738311,197.66132001124475,2.2959216913207334,-0.09190605322766898,-91.90605322766898,-0.10796180502365114,0.6068998555949479,0.4670000000000001,0.10796180502365177,0.11756035407872442,5.398090251182589e-11,5.878017703936221e-11,5.878234760603107,False
Cdl_Pd,Pd,O2,38,False,0.9124435365554809,91.2443536555481,$\mu$F cm$^{-2}$,-0.0332939724213034,-33.2939724213034,-0.1362040191793332,-136.2040191793332,205.46175160183586,2.312730986239767,-0.09048880296416999,-90.48880296416999,-0.10921550086149881,0.6073071778564968,0.4670000000000001,0.10921550086150036,0.11756035407872442,5.460775043075019e-11,5.878017703936221e-11,5.870899432788445,False
Cdl_Pd,Pd,O2,39,False,0.955219103952324,95.5219103952324,$\mu$F cm$^{-2}$,-0.03354233536377245,-33.54233536377245,-0.13718320646877807,-137.18320646877808,213.3146099783258,2.3290206014207184,-0.08911480792729881,-89.11480792729881,-0.11044455100099153,0.6077019856039231,0.4670000000000001,0.11044455100099526,0.11756035407872442,5.5222275500497636e-11,5.878017703936221e-11,5.8637886715848815,False
Cdl_Pd,Pd,O2,40,False,1.0,100.0,$\mu$F cm$^{-2}$,-0.03378347025998175,-33.78347025998175,-0.13813207072172656,-138.13207072172656,221.20670369635752,2.3447982841797725,-0.08778347025998175,-87.78347025998174,-0.11164837332945617,0.6080844590182917,0.4670000000000001,0.11164837332946381,0.11756035407872442,5.582418666473191e-11,5.878017703936221e-11,5.85689887861165,False
pzc_Au,Au,R1,0,False,0.63,0.63,V,-0.00830765401793825,-8.30765401793825,-0.03397803285375409,-33.97803285375409,0.2688654576865421,-0.570464989891767,0.4884617299103088,488.4617299103088,0.33395677281673464,0.5544836970565546,0.4670000000000001,0.33395677281673464,0.11756035407872442,1.6697838640836732e-10,5.878017703936221e-11,5.5918644659586985,False
pzc_Au,Au,R1,1,False,0.645,0.645,V,-0.00970759153488836,-9.70759153488836,-0.03978481742129131,-39.78481742129131,0.21510475645293112,-0.6673499862725905,0.4964620423255581,496.46204232555806,0.31147428393454085,0.5566772249042669,0.4670000000000001,0.31147428393454085,0.11756035407872442,1.5573714196727044e-10,5.878017703936221e-11,5.537626223664198,False
pzc_Au,Au,R1,2,False,0.66,0.66,V,-0.011107698816509016,-11.107698816509016,-0.04559233287647878,-45.59233287647878,0.1721762279612548,-0.7640268109423506,0.504461505917455,504.461505917455,0.2905200412133483,0.5588691730409762,0.4670000000000001,0.2905200412133483,0.11756035407872442,1.4526002060667415e-10,5.878017703936221e-11,5.483427142729283,False
pzc_Au,Au,R1,3,False,0.675,0.675,V,-0.012507981620301823,-12.507981620301823,-0.05140060400708294,-51.40060400708294,0.13788572693432252,-0.8604806869385699,0.512460091898491,512.460091898491,0.2709896464679755,0.561059487891408,0.4670000000000001,0.2709896464679755,0.11756035407872442,1.3549482323398777e-10,5.878017703936221e-11,5.429268551296024,False
pzc_Au,Au,R1,4,False,0.6900000000000001,0.6900000000000001,V,-0.01390844590819329,-13.90844590819329,-0.057209656480978935,-57.209656480978936,0.11048521286922683,-0.9566958432370685,0.5204577704590336,520.4577704590337,0.2527858533374861,0.5632481139780546,0.4670000000000001,0.2527858533374861,0.11756035407872442,1.2639292666874307e-10,5.878017703936221e-11,5.375160333958423,False
pzc_Au,Au,R1,5,False,0.7050000000000001,0.7050000000000001,V,-0.015309097852638632,-15.309097852638633,-0.06301951687243129,-63.01951687243129,0.08858180503088553,-1.0526554743451606,0.5284545107368069,528.4545107368069,0.23581807644001626,0.5654349938643756,0.4670000000000001,0.23581807644001626,0.11756035407872442,1.1790903822000813e-10,5.878017703936221e-11,5.321102170621836,False
pzc_Au,Au,R1,6,False,0.72,0.72,V,-0.016709943842764252,-16.709943842764254,-0.06883021268854,-68.83021268854,0.0710654149419323,-1.148341703829469,0.5364502807861785,536.4502807861785,0.22000193425990278,0.5676200680976387,0.4670000000000001,0.22000193425990278,0.11756035407872442,1.100009671299514e-10,5.878017703936221e-11,5.267088769814199,False
pzc_Au,Au,R1,7,False,0.735,0.735,V,-0.01811099049053502,-18.11099049053502,-0.07464177239578736,-74.64177239578736,0.057051155759701544,-1.243735553086669,0.5444450475473249,544.445047547325,0.20525882344656354,0.5698032751515375,0.4670000000000001,0.20525882344656354,0.11756035407872442,1.0262941172328178e-10,5.878017703936221e-11,5.213121656785889,False
pzc_Au,Au,R1,8,False,0.75,0.75,V,-0.01951224463689969,-19.51224463689969,-0.08045422544650588,-80.45422544650587,0.045833506381522025,-1.3388169168356012,0.5524387768155017,552.4387768155017,0.19151552236572966,0.5719845513689957,0.4670000000000001,0.19151552236572966,0.11756035407872442,9.575776118286484e-11,5.878017703936221e-11,5.159202409609602,False
pzc_Au,Au,R1,9,False,0.765,0.765,V,-0.02091371335807184,-20.91371335807184,-0.08626760230590862,-86.26760230590861,0.03684982697470124,-1.4335645469937737,0.5604314332096408,560.4314332096409,0.1787038218823481,0.5741638309037322,0.4670000000000001,0.1787038218823481,0.11756035407872442,8.935191094117405e-11,5.878017703936221e-11,5.105332660628838,False
pzc_Au,Au,R1,10,False,0.78,0.78,V,-0.022315403971454664,-22.315403971454664,-0.0920819344776033,-92.0819344776033,0.029651314639433605,-1.5279560467181088,0.5684229801427267,568.4229801427267,0.16676018152554326,0.5763410456651235,0.4670000000000001,0.16676018152554326,0.11756035407872442,8.338009076277163e-11,5.878017703936221e-11,5.051514097824819,False
pzc_Au,Au,R1,11,False,0.795,0.795,V,-0.02371732404187328,-23.71732404187328,-0.09789725453042429,-97.89725453042429,0.023879879082589213,-1.6219678766170917,0.5764133797906337,576.4133797906337,0.15562540925582044,0.5785161252602093,0.4670000000000001,0.15562540925582044,0.11756035407872442,7.781270462791023e-11,5.878017703936221e-11,4.9977484662543255,False
pzc_Au,Au,R1,12,False,0.81,0.81,V,-0.02511948138751474,-25.119481387514742,-0.10371359612400348,-103.71359612400347,0.019249729221395645,-1.7155753751674694,0.5844025930624264,584.4025930624264,0.14524436324004714,0.5806889969384229,0.4670000000000001,0.14524436324004714,0.11756035407872442,7.262218162002357e-11,5.878017703936221e-11,4.944037569419486,False
pzc_Au,Au,R1,13,False,0.8250000000000001,0.8250000000000001,V,-0.026521884085803495,-26.521884085803496,-0.10953099403406458,-109.53099403406458,0.015532708947513107,-1.8087527955038964,0.5923905795709827,592.3905795709827,0.13556567410792458,0.5828595855369181,0.4670000000000001,0.13556567410792458,0.11756035407872442,6.778283705396229e-11,5.878017703936221e-11,4.890383270623516,False
pzc_Au,Au,R1,14,False,0.8400000000000001,0.8400000000000001,V,-0.027924540479135576,-27.924540479135576,-0.11534948417712147,-115.34948417712147,0.012546616953733703,-1.9014733607478043,0.6003772976043222,600.3772976043223,0.1265414862839256,0.5850278134272008,0.4670000000000001,0.1265414862839256,0.11756035407872442,6.32707431419628e-11,5.878017703936221e-11,4.836787494293569,False
pzc_Au,Au,R1,15,False,0.855,0.855,V,-0.029327459180442973,-29.327459180442972,-0.12116910363441694,-121.16910363441694,0.010145901927284234,-1.9937093399927064,0.6083627040977853,608.3627040977852,0.11812721708318769,0.5871936004633682,0.4670000000000001,0.11812721708318769,0.11756035407872442,5.906360854159385e-11,5.878017703936221e-11,4.871904465367111,False
pzc_Au,Au,R1,16,False,0.8700000000000001,0.8700000000000001,V,-0.03073064907854253,-30.73064907854253,-0.12698989067496616,-126.98989067496616,0.008214248801640364,-2.085432146923921,0.6163467546072875,616.3467546072875,0.110281332350083,0.5893568639323213,0.4670000000000001,0.110281332350083,0.11756035407872442,5.5140666175041505e-11,5.878017703936221e-11,5.105213960626928,False
pzc_Au,Au,R1,17,False,0.885,0.885,V,-0.03213411934457668,-32.13411934457668,-0.13281188478327613,-132.81188478327613,0.006658670690973659,-2.1766124629013324,0.6243294032771166,624.3294032771166,0.10296513746576165,0.5915175184938405,0.4670000000000001,0.10296513746576165,0.11756035407872442,5.148256873288083e-11,5.878017703936221e-11,5.338570897020835,False
pzc_Au,Au,R1,18,False,0.9000000000000001,0.9000000000000001,V,-0.0335378794302456,-33.5378794302456,-0.13863512665174552,-138.6351266517455,0.005404799836846618,-2.2672203852190274,0.6323106028487723,632.3106028487723,0.09614258291775006,0.5936754761970267,0.4670000000000001,0.09614258291775006,0.11756035407872442,4.807129145887503e-11,5.878017703936221e-11,5.571976873873718,False
pzc_Au,Au,R1,19,False,0.915,0.915,V,-0.034941939085094464,-34.94193908509446,-0.144459658255078,-144.459658255078,0.004393133456353668,-2.357225603363952,0.6402903045745277,640.2903045745277,0.08978008270069013,0.5958306463194497,0.4670000000000001,0.08978008270069013,0.11756035407872442,4.489004135034507e-11,5.878017703936221e-11,5.805433540908698,False
pzc_Au,Au,R1,20,True,0.93,0.93,V,-0.03634630834836119,-36.34630834836119,-0.1502855228151927,-150.2855228151927,0.0035760402606696638,-2.446597600365984,0.6482684582581941,648.2684582581941,0.08384634584416407,0.5979829354430014,0.4670000000000001,0.08384634584416407,0.11756035407872442,4.192317292208204e-11,5.878017703936221e-11,6.038944611092431,False
pzc_Au,Au,R1,21,False,0.9450000000000001,0.9450000000000001,V,-0.0377509975600713,-37.750997560071305,-0.1561127648489936,-156.1127648489936,0.002915372937777359,-2.5353058819138874,0.6562450121996436,656.2450121996436,0.07831221899968592,0.60013224735065,0.4670000000000001,0.07831221899968592,0.11756035407872442,3.915610949984296e-11,5.878017703936221e-11,6.272509931050319,False
pzc_Au,Au,R1,22,False,0.9600000000000001,0.9600000000000001,V,-0.039156017354079836,-39.156017354079836,-0.16194143013839993,-161.94143013839994,0.0023805635016743657,-2.6233202292035696,0.664219913229601,664.2199132296009,0.07315054022620487,0.602278483091201,0.4670000000000001,0.07315054022620487,0.11756035407872442,3.657527011310244e-11,5.878017703936221e-11,6.5061311887174895,False
pzc_Au,Au,R1,23,False,0.9750000000000001,0.9750000000000001,V,-0.04056137867688621,-40.56137867688621,-0.16777156581136787,-167.77156581136788,0.0019471034386586352,-2.710610976242993,0.6721931066155691,672.193106615569,0.06833600226791964,0.6044215408042012,0.4670000000000001,0.06833600226791964,0.11756035407872442,3.416800113395982e-11,5.878017703936221e-11,6.739810236347221,False
pzc_Au,Au,R1,24,False,0.99,0.99,V,-0.04196709278327011,-41.96709278327011,-0.1736032203230876,-173.60322032308758,0.001595330599302261,-2.797149304722828,0.6801645360836494,680.1645360836493,0.06384502569654588,0.6065613157605618,0.4670000000000001,0.06384502569654588,0.11756035407872442,3.1922512848272943e-11,5.878017703936221e-11,6.973548978356643,False
pzc_Au,Au,R1,25,False,1.0050000000000001,1.0050000000000001,V,-0.04337317122220639,-43.37317122220639,-0.17943644339534645,-179.43644339534646,0.0013094606346758764,-2.882907552908865,0.6881341438889681,688.1341438889681,0.05965564085784074,0.6086977004936217,0.4670000000000001,0.05965564085784074,0.11756035407872442,2.982782042892037e-11,5.878017703936221e-11,7.207349368943481,False
pzc_Au,Au,R1,26,False,1.02,1.02,V,-0.044779625860601205,-44.77962586060121,-0.1852712861187246,-185.2712861187246,0.0010768134306304445,-2.9678595363181715,0.6961018706969939,696.101870696994,0.05574737726905528,0.6108305845782694,0.4670000000000001,0.05574737726905528,0.11756035407872442,2.787368863452764e-11,5.878017703936221e-11,7.4412134161026575,False
pzc_Au,Au,R1,27,False,1.035,1.035,V,-0.04618646887063254,-46.18646887063254,-0.19110780089808369,-191.1078008980837,0.000887195093911098,-3.0519808684518055,0.7040676556468373,704.0676556468372,0.052101161213014016,0.6129598547487536,0.4670000000000001,0.052101161213014016,0.11756035407872442,2.605058060650701e-11,5.878017703936221e-11,7.6751431794838645,False
pzc_Au,Au,R1,28,False,1.05,1.05,V,-0.04759371273126783,-47.59371273126783,-0.19694604145911168,-196.94604145911168,0.0007324040247192493,-3.135249277821244,0.7120314363436611,712.0314363436611,0.04869922010049422,0.6150853948845493,0.4670000000000001,0.04869922010049422,0.11756035407872442,2.4349610050247112e-11,5.878017703936221e-11,7.909140770648657,False
pzc_Au,Au,R1,29,False,1.065,1.065,V,-0.04900137022635662,-49.00137022635662,-0.20278606284009978,-202.7860628400998,0.0006058360159375566,-3.217644912155357,0.7199931488682167,719.9931488682167,0.04552499343399428,0.617207086028117,0.4670000000000001,0.04552499343399428,0.11756035407872442,2.276249671699714e-11,5.878017703936221e-11,8.143208352747491,False
pzc_Au,Au,R1,30,False,1.08,1.08,V,-0.05040945444173309,-50.40945444173309,-0.20862792137947708,-208.62792137947707,0.0005021683975033739,-3.2991506218137667,0.7279527277913347,727.9527277913347,0.04256304987729679,0.6193248064118576,0.4670000000000001,0.04256304987729679,0.11756035407872442,2.1281524938648396e-11,5.878017703936221e-11,8.377348140029587,False
pzc_Au,Au,R1,31,False,1.095,1.095,V,-0.05181797876124261,-51.817978761242614,-0.21447167469869718,-214.47167469869717,0.0004171072951588685,-3.3797522143269454,0.7359101061937869,735.910106193787,0.039799010011722105,0.6214384314950897,0.4670000000000001,0.039799010011722105,0.11756035407872442,1.9899505005861055e-11,5.878017703936221e-11,8.611562397170454,False
pzc_Au,Au,R1,32,False,1.1099999999999999,1.1099999999999999,V,-0.05322695686159471,-53.22695686159471,-0.22031738168008447,-220.31738168008448,0.00034718529914042236,-3.459438672428038,0.7438652156920262,743.8652156920263,0.03721947438871627,0.6235478340119418,0.4670000000000001,0.03721947438871627,0.11756035407872442,1.8609737194358135e-11,5.878017703936221e-11,8.84585343840121,False
pzc_Au,Au,R1,33,False,1.125,1.125,V,-0.054636402705975744,-54.63640270597574,-0.22616510243932794,-226.16510243932794,0.00028959940899724073,-3.5382023287645974,0.7518179864701213,751.8179864701214,0.03481195651494094,0.6256528840307933,0.4670000000000001,0.03481195651494094,0.11756035407872442,1.7405978257470473e-11,5.878017703936221e-11,9.080223626427362,False
pzc_Au,Au,R1,34,False,1.14,1.14,V,-0.05604633053637858,-56.046330536378576,-0.23201489829246472,-232.01489829246472,0.00024208116926052438,-3.6160389916582676,0.759768347318107,759.7683473181071,0.032564820430829165,0.6277534490256423,0.4670000000000001,0.032564820430829165,0.11756035407872442,1.6282410215414585e-11,5.878017703936221e-11,9.314675371131374,False
pzc_Au,Au,R1,35,False,1.155,1.155,V,-0.05745675486461073,-57.45675486461073,-0.2378668317171649,-237.8668317171649,0.0002027925434532381,-3.6929480177639866,0.7677162256769463,767.7162256769464,0.030467222567053347,0.6298493939597815,0.4670000000000001,0.030467222567053347,0.11756035407872442,1.5233611283526675e-11,5.878017703936221e-11,9.54921112805084,False
pzc_Au,Au,R1,36,False,1.17,1.17,V,-0.0588676904619035,-58.8676904619035,-0.24372096630799264,-243.72096630799265,0.00017024237556322334,-3.7689323291947194,0.7756615476904825,775.6615476904825,0.02850905758540381,0.6319405813824898,0.4670000000000001,0.02850905758540381,0.11756035407872442,1.4254528792701906e-11,5.878017703936221e-11,9.78383531220826,False
pzc_Au,Au,R1,37,False,1.185,1.185,V,-0.060279152347021484,-60.27915234702149,-0.24957736672522013,-249.57736672522012,0.00014321932596477856,-3.8439983745313033,0.7836042382648927,783.6042382648927,0.02668090793088603,0.6340268715396725,0.4670000000000001,0.02668090793088603,0.11756035407872442,1.3340453965443017e-11,5.878017703936221e-11,10.018549318889127,False
pzc_Au,Au,R1,38,False,1.2,1.2,V,-0.0616911557727822,-61.691155772782196,-0.2554360986367844,-255.4360986367844,0.00012073799649590911,-3.9181560350254507,0.7915442211360889,791.5442211360889,0.024973996840472988,0.6361081224993046,0.4670000000000001,0.024973996840472988,0.11756035407872442,1.2486998420236495e-11,5.878017703936221e-11,10.253354958559983,False
pzc_Au,Au,R1,39,False,1.2149999999999999,1.2149999999999999,V,-0.0631037162109204,-63.103716210920396,-0.2612972286531306,-261.2972286531306,0.00010199561967963116,-3.9914184791186105,0.7994814189453979,799.4814189453979,0.023380144571199583,0.6381841902922674,0.4670000000000001,0.023380144571199583,0.11756035407872442,1.1690072285599792e-11,5.878017703936221e-11,10.488254849161725,False
pzc_Au,Au,R1,40,False,1.23,1.23,V,-0.06451684933526654,-64.51684933526654,-0.26716082425478277,-267.16082425478277,8.633721391822233e-05,-4.063801970035378,0.8074157533236672,807.4157533236672,0.021891727626472214,0.6402549290688845,0.4670000000000001,0.021891727626472214,0.11756035407872442,1.0945863813236108e-11,5.878017703936221e-11,10.723251642831228,False
pzc_Pd,Pd,O2,0,False,0.48,0.48,V,0.00851736187457326,8.517361874573261,0.035848077641131695,35.848077641131695,0.2480022447629922,-0.6055443881908457,-0.3327065953135668,-332.70659531356677,-0.014932959710864826,0.5371414823275649,0.4670000000000001,0.014932959710863853,0.11756035407872442,7.466479855431927e-12,5.878017703936221e-11,7.140866956412916,False
pzc_Pd,Pd,O2,1,False,0.495,0.495,V,0.006712790836254756,6.712790836254756,0.028390937696946318,28.390937696946317,0.33126221120459526,-0.47982810351241634,-0.3222180229093631,-322.21802290936307,-0.016273297306774345,0.5401729147875832,0.4670000000000001,0.016273297306769307,0.11756035407872442,8.136648653384653e-12,5.878017703936221e-11,7.085839004276089,False
pzc_Pd,Pd,O2,2,False,0.51,0.51,V,0.004908425944294104,4.908425944294104,0.02093467614402748,20.93467614402748,0.4426236605796196,-0.3539653744473548,-0.31172893513926475,-311.72893513926476,-0.017734667653851212,0.5432057410047627,0.4670000000000001,0.01773466765382969,0.11756035407872442,8.867333826914846e-12,5.878017703936221e-11,7.030813807147366,False
pzc_Pd,Pd,O2,3,False,0.525,0.525,V,0.003104259161021217,3.104259161021217,0.013479258733798438,13.479258733798439,0.5916054854985245,-0.22796780778079936,-0.30123935209744696,-301.23935209744695,-0.019328035213989278,0.5462399066363515,0.4670000000000001,0.019328035213914116,0.11756035407872442,9.664017606957059e-12,5.878017703936221e-11,6.975789240445824,False
pzc_Pd,Pd,O2,4,False,0.54,0.54,V,0.0013002827953505491,1.3002827953505491,0.006024652694484642,6.024652694484642,0.7909590219298182,-0.10184601588380715,-0.2907492930116236,-290.7492930116236,-0.021065359656533417,0.549275359682861,0.4670000000000001,0.021065359656321114,0.11756035407872442,1.0532679828160558e-11,5.878017703936221e-11,6.9207700916436945,False
pzc_Pd,Pd,O2,5,False,0.5549999999999999,0.5549999999999999,V,-0.0005035105119577832,-0.5035105119577832,-0.0014291733316959144,-1.4291733316959143,1.0577676995327407,0.024390301075031498,-0.28025877627989443,-280.25877627989445,-0.02295968630963286,0.5523120503884096,0.4670000000000001,0.0229596863091436,0.11756035407872442,1.14798431545718e-11,5.878017703936221e-11,6.865745671079777,False
pzc_Pd,Pd,O2,6,False,0.5700000000000001,0.5700000000000001,V,-0.002307127802514231,-2.307127802514231,-0.008882249349099534,-8.882249349099535,1.414921280437897,0.15073227843102527,-0.2697678195062855,-269.7678195062855,-0.025025244840469637,0.555349931144615,0.4670000000000001,0.0250252448395476,0.11756035407872442,1.2512622419773802e-11,5.878017703936221e-11,6.810715594946531,False
pzc_Pd,Pd,O2,7,False,0.585,0.585,V,-0.004110575813997742,-4.110575813997742,-0.016334604067030523,-16.334604067030522,1.8930924165207828,0.2771718157626992,-0.25927643953499435,-259.2764395349943,-0.027277556913579682,0.5583889563979751,0.4670000000000001,0.02727755691215094,0.11756035407872442,1.363877845607547e-11,5.878017703936221e-11,6.75568707256477,False
pzc_Pd,Pd,O2,8,False,0.6,0.6,V,-0.005913860993353693,-5.913860993353692,-0.023786264955972573,-23.786264955972573,2.5333868440758214,0.4037015109195826,-0.24878465248338422,-248.7846524833842,-0.029733553644761754,0.5614290825606432,0.4670000000000001,0.02973355364292386,0.11756035407872442,1.486677682146193e-11,5.878017703936221e-11,6.700642240091149,False
pzc_Pd,Pd,O2,9,False,0.615,0.615,V,-0.007716989509493644,-7.716989509493644,-0.031237258301709984,-31.237258301709982,3.390897008150328,0.5303145991348361,-0.23829247377373408,-238.2924737737341,-0.03241170374251676,0.5644702679245559,0.4670000000000001,0.03241170374052723,0.11756035407872442,1.6205851870263617e-11,5.878017703936221e-11,6.645578147435813,False
pzc_Pd,Pd,O2,10,False,0.63,0.63,V,-0.009519967265503082,-9.519967265503082,-0.03868760925733433,-38.68760925733433,4.5394673519573745,0.6570048969811683,-0.2277999181637576,-227.7999181637576,-0.035332153310168604,0.567512472578908,0.4670000000000001,0.03533215330832153,0.11756035407872442,1.7666076654160768e-11,5.878017703936221e-11,6.590500176522191,False
pzc_Pd,Pd,O2,11,False,0.645,0.645,V,-0.011322799910354453,-11.322799910354453,-0.046137341893161654,-46.137341893161654,6.078084743249717,0.7837667509050238,-0.21730699977588608,-217.30699977588608,-0.0385168783704679,0.5705556583309522,0.4670000000000001,0.03851687836896287,0.11756035407872442,1.9258439184481436e-11,5.878017703936221e-11,6.535410705094904,False
pzc_Pd,Pd,O2,12,False,0.66,0.66,V,-0.013125492850125965,-13.125492850125966,-0.053586479244535974,-53.58647924453597,8.139448695267934,0.9105949900597979,-0.20681373212531484,-206.81373212531483,-0.04198985127110779,0.5735997886301492,0.4670000000000001,0.041989851270371754,0.11756035407872442,2.099492563518588e-11,5.878017703936221e-11,6.4803040579806215,False
pzc_Pd,Pd,O2,13,False,0.675,0.675,V,-0.01492805125888479,-14.92805125888479,-0.06103504335819789,-61.03504335819789,10.90146546124495,1.0374848831656183,-0.1963201281472119,-196.3201281472119,-0.04577722223663709,0.5766448284945902,0.4670000000000001,0.045777222236108535,0.11756035407872442,2.2888611118054268e-11,5.878017703936221e-11,6.425180871291923,False
pzc_Pd,Pd,O2,14,False,0.6900000000000001,0.6900000000000001,V,-0.016730480088865685,-16.730480088865683,-0.06848305533565778,-68.48305533565778,14.602664223965228,1.1644320990864174,-0.18582620022216412,-185.82620022216412,-0.0499075174427961,0.579690744442178,0.4670000000000001,0.04990751744254917,0.11756035407872442,2.4953758721274588e-11,5.878017703936221e-11,6.3700460148872775,False
pzc_Pd,Pd,O2,15,False,0.7050000000000001,0.7050000000000001,V,-0.018532784080532185,-18.532784080532185,-0.07593053537607121,-75.9305353760712,19.562874592125812,1.2914326708897905,-0.17533196020133035,-175.33196020133036,-0.05441185512346333,0.5827375044225984,0.4670000000000001,0.05441185512339481,0.11756035407872442,2.7205927561697405e-11,5.878017703936221e-11,6.314897698063481,False
pzc_Pd,Pd,O2,16,False,0.72,0.72,V,-0.020334967772016956,-20.334967772016956,-0.08337750281645503,-83.37750281645503,26.21096213777874,1.4184829630854374,-0.1648374194300424,-164.83741943004242,-0.05932418134787544,0.5857850777535025,0.4670000000000001,0.059324181347865594,0.11756035407872442,2.96620906739328e-11,5.878017703936221e-11,6.2597345910929025,False
pzc_Pd,Pd,O2,17,False,0.7350000000000001,0.7350000000000001,V,-0.022137035508218307,-22.137035508218307,-0.09082397617045525,-90.82397617045525,35.12203261100878,1.545579641806981,-0.15434258877054557,-154.34258877054558,-0.06468152726239121,0.5888334350589991,0.4670000000000001,0.06468152726239046,0.11756035407872442,3.234076363119523e-11,5.878017703936221e-11,6.204557228153284,False
pzc_Pd,Pd,O2,18,False,0.75,0.75,V,-0.023938991450757244,-23.938991450757243,-0.09826997317077406,-98.26997317077405,47.067339223498884,1.6727196477815502,-0.14384747862689304,-143.84747862689304,-0.07052428977046273,0.5918825482023329,0.4670000000000001,0.07052428973454462,0.11756035407872442,3.526214486727231e-11,5.878017703936221e-11,6.149366120889679,False
pzc_Pd,Pd,O2,19,False,0.765,0.765,V,-0.025740839580066278,-25.74083958006628,-0.10571551077806433,-105.71551077806433,63.0812326614992,1.7999001712271987,-0.13335209895016562,-133.3520989501656,-0.0768965376518059,0.59493239027177,0.4670000000000001,0.07689653765104276,0.11756035407872442,3.844826882552138e-11,5.878017703936221e-11,6.094161758671055,False
pzc_Pd,Pd,O2,20,True,0.78,0.78,V,-0.02754258371574001,-27.54258371574001,-0.11316060526764861,-113.1606052676486,84.55097701011347,1.9271186303565817,-0.12285645928934996,-122.85645928934996,-0.08384634584416462,0.5979829354430014,0.4670000000000001,0.08384634584416407,0.11756035407872442,4.192317292208204e-11,5.878017703936221e-11,6.038944611092431,False
pzc_Pd,Pd,O2,21,False,0.795,0.795,V,-0.029344227511867785,-29.344227511867786,-0.12060527220963234,-120.60527220963233,113.33724462027055,2.054372650155151,-0.11236056877966939,-112.36056877966939,-0.09142615977240293,0.6010341590106982,0.4670000000000001,0.09142615977241117,0.11756035407872442,4.571307988620559e-11,5.878017703936221e-11,5.983716193727915,False
pzc_Pd,Pd,O2,22,False,0.81,0.81,V,-0.031145774468290855,-31.145774468290856,-0.12804952651686577,-128.04952651686577,151.9357745635334,2.181660044213466,-0.10186443617072702,-101.86443617072702,-0.09969319310281465,0.6040860373124072,0.4670000000000001,0.09969319318509556,0.11756035407872442,4.984659659254778e-11,5.878017703936221e-11,5.928477884713589,False
pzc_Pd,Pd,O2,23,False,0.8250000000000001,0.8250000000000001,V,-0.032947227946554004,-32.947227946554,-0.13549338251291776,-135.49338251291775,203.69426359053648,2.308978798631704,-0.09136806986638492,-91.36806986638491,-0.10870986186675849,0.6071385476206973,0.4670000000000001,0.10870986186676468,0.11756035407872442,5.4354930933382345e-11,5.878017703936221e-11,5.873228083107174,False
pzc_Pd,Pd,O2,24,False,0.8400000000000001,0.8400000000000001,V,-0.03474859115622939,-34.748591156229395,-0.14293685387380098,-142.93685387380097,273.1033675718155,2.4363270553533543,-0.08087147789057333,-80.87147789057333,-0.11854425746545758,0.6101916682356257,0.4670000000000001,0.11854425746566546,0.11756035407872442,5.927212873283273e-11,5.878017703936221e-11,5.817967183506774,False
pzc_Pd,Pd,O2,25,False,0.855,0.855,V,-0.0365498671815069,-36.5498671815069,-0.15037995374127408,-150.37995374127408,366.18714965618864,2.563703099847358,-0.07037466795376725,-70.37466795376724,-0.12927066366072967,0.6132453783049586,0.4670000000000001,0.1292706636629399,0.11756035407872442,6.463533183146995e-11,5.878017703936221e-11,5.997429754353885,False
pzc_Pd,Pd,O2,26,False,0.8700000000000001,0.8700000000000001,V,-0.038351058977068544,-38.35105897706855,-0.15782269470525767,-157.82269470525767,491.02697131067634,2.691105347865716,-0.05987764744267121,-59.87764744267121,-0.14097011995955738,0.6162996578520711,0.4670000000000001,0.1409701199709194,0.11756035407872442,7.04850599854597e-11,5.878017703936221e-11,6.293559788645231,False
pzc_Pd,Pd,O2,27,False,0.885,0.885,V,-0.04015216937594426,-40.15216937594426,-0.16526508883731864,-165.26508883731864,658.4644523515163,2.8185323342495217,-0.04938042343986057,-49.38042343986057,-0.15373103659517576,0.6193544877228208,0.4670000000000001,0.15373103662964213,0.11756035407872442,7.686551831482108e-11,5.878017703936221e-11,6.589676180294873,False
pzc_Pd,Pd,O2,28,False,0.9,0.9,V,-0.0419532010951754,-41.953201095175395,-0.17270714771478907,-172.70714771478907,883.0447292579676,2.9459827026465586,-0.03888300273793847,-38.88300273793847,-0.16764986548050692,0.6224098495472724,0.4670000000000001,0.1676498655498051,0.11756035407872442,8.382493277490256e-11,5.878017703936221e-11,6.885779384697459,False
pzc_Pd,Pd,O2,29,False,0.915,0.915,V,-0.043754156741038844,-43.75415674103884,-0.18014888244303498,-180.14888244303498,1184.2821846559116,3.0734551961684393,-0.028385391852597017,-28.385391852597017,-0.18283183227358663,0.625465725704368,0.4670000000000001,0.18283183237545084,0.11756035407872442,9.141591618772542e-11,5.878017703936221e-11,7.181869838682811,False
pzc_Pd,Pd,O2,30,False,0.93,0.93,V,-0.0455550388137799,-45.555038813779895,-0.18759030367562324,-187.59030367562323,1588.3589294653711,3.2009486488922483,-0.017887597034449653,-17.88759703444965,-0.19939173511852373,0.6285220992899271,0.4670000000000001,0.19939173524224715,0.11756035407872442,9.969586762112359e-11,5.878017703936221e-11,7.4779479613092175,False
pzc_Pd,Pd,O2,31,False,0.9450000000000001,0.9450000000000001,V,-0.047355849712300425,-47.355849712300426,-0.19503142163429318,-195.0314216342932,2130.4040456360785,3.3284619781566436,-0.007389624280751001,-7.389624280751001,-0.21745481615348117,0.6315789540849558,0.4670000000000001,0.2174548162971411,0.11756035407872442,1.0872740814857057e-10,5.878017703936221e-11,7.774014154649015,False
pzc_Pd,Pd,O2,32,False,0.9600000000000001,0.9600000000000001,V,-0.0491565917389901,-49.156591738990095,-0.20247224612954456,-202.47224612954457,2857.5522330836084,3.455994177591434,0.0031085206525249304,3.1085206525249305,-0.23715771243060338,0.6346362745229803,0.4670000000000001,0.23715771260005786,0.11756035407872442,1.1857885630002893e-10,5.878017703936221e-11,8.07006880459847,False
pzc_Pd,Pd,O2,33,False,0.9750000000000001,0.9750000000000001,V,-0.05095726710428066,-50.95726710428066,-0.20991278658004836,-209.91278658004836,3833.048467480777,3.5835443107822345,0.01360683223929844,13.60683223929844,-0.2586494934718083,0.63769404565925,0.4670000000000001,0.25864949365613793,0.11756035407872442,1.2932474682806896e-10,5.878017703936221e-11,8.36611228164122,False
pzc_Pd,Pd,O2,34,False,0.9900000000000001,0.9900000000000001,V,-0.05275787793059608,-52.75787793059608,-0.21735305202946476,-217.35305202946475,5141.756496800541,3.7111115054846104,0.024105305173509922,24.105305173509922,-0.2820927933364747,0.6407522531440452,0.4670000000000001,0.2820927934938391,0.11756035407872442,1.4104639674691954e-10,5.878017703936221e-11,8.662144941509837,False
pzc_Pd,Pd,O2,35,False,1.0050000000000001,1.0050000000000001,V,-0.05455842625338008,-54.558426253380084,-0.22479305115083584,-224.79305115083585,6897.5514424641215,3.8386949481646324,0.034603934366549995,34.60393436654999,-0.3076650456510597,0.6438108832157141,0.4670000000000001,0.3076650460549566,0.11756035407872442,1.538325230274783e-10,5.878017703936221e-11,8.958167125358626,False
pzc_Pd,Pd,O2,36,False,1.02,1.02,V,-0.056358914037638375,-56.35891403763837,-0.23223279231707222,-232.2327923170722,9253.241142079487,3.966293880151886,0.0451027149059042,45.1027149059042,-0.3355598322163427,0.6468699225888319,0.4670000000000001,0.3355598322157014,0.11756035407872442,1.6777991610785072e-10,5.878017703936221e-11,9.254179162536232,False
pzc_Pd,Pd,O2,37,False,1.0350000000000001,1.0350000000000001,V,-0.05815934315613918,-58.15934315613918,-0.23967228350804798,-239.67228350804797,12413.881387302143,4.093907591453256,0.05560164210965217,55.60164210965217,-0.365988351899572,0.6499293586016042,0.4670000000000001,0.36598835187317685,0.11756035407872442,1.8299417593658845e-10,5.878017703936221e-11,9.550181366931188,False
pzc_Pd,Pd,O2,38,False,1.05,1.05,V,-0.05995971541996621,-59.95971541996621,-0.24711153244080858,-247.1115324408086,16654.646487498907,4.221535418764938,0.06610071145008448,66.10071145008448,-0.3991810270393902,0.6529891790092759,0.4670000000000001,0.3991810269046635,0.11756035407872442,1.9959051345233176e-10,5.878017703936221e-11,9.846174042093633,False
pzc_Pd,Pd,O2,39,False,1.065,1.065,V,-0.061760032565092486,-61.76003256509249,-0.25455054651234776,-254.55054651234775,22344.81383266045,4.349176740657372,0.07659991858726876,76.59991858726876,-0.4353892530961242,0.656049372074921,0.4670000000000001,0.4353892530097719,0.11756035407872442,2.1769462650488597e-10,5.878017703936221e-11,10.142157478984526,False
pzc_Pd,Pd,O2,40,False,1.08,1.08,V,-0.06356029626283925,-63.56029626283925,-0.26198933284417875,-261.98933284417876,29979.954874844603,4.476830974822443,0.08709925934290193,87.09925934290193,-0.4748873095755106,0.6591099264987231,0.4670000000000001,0.474887309571133,0.11756035407872442,2.374436547855665e-10,5.878017703936221e-11,10.438131957728729,False
